<?xml version="1.0" encoding="UTF-8" ?>
<!DOCTYPE mapper PUBLIC "-//mybatis.org//DTD Mapper 3.0//EN" "http://mybatis.org/dtd/mybatis-3-mapper.dtd" >
<mapper namespace="com.cb.meeting.dao.AuthDao">

	<select id="findUserList" parameterType="com.cb.meeting.bean.vo.PageVO" resultType="com.cb.meeting.bean.vo.UserVO">
		select 
			u.pkid pkid,
			u.username username,
			u.name name,
			u.dept_num deptNum,
			t.dept_name deptName,
			u.role role,
			r.role_name roleName,
			u.auth_flag authFlag,
			d1.key_name authFlagName,
			u.remark remark
		from user u,role r,dept t,dict d1
		<where>
			<if test="queryParam.username != null and queryParam.username != '' ">
        		and username like '%${queryParam.username}%'
        	</if>
			<if test="queryParam.name != null and queryParam.name != '' ">
        		and name like '%${queryParam.name}%'
        	</if>
        	and u.role=r.pkid
        	and u.dept_num=t.dept_num
        	and u.auth_flag=d1.value
        	and d1.dict_type='auth_flag'
		</where>
		order by pkid
		limit #{startPage},#{rows}
	</select>
	
	<select id="findUserAuthById" parameterType="java.lang.Integer" resultType="java.lang.String">
		select 
			a.auth_name 
		from 
		auth a,user u,user_auth ua
		<where>
			u.pkid=ua.user_id 
			and a.auth_id=ua.auth_id 
			and u.pkid=#{value}
		</where> 
	</select>
	
	<insert id="addAuthAddMeet" parameterType="java.lang.Integer">
		insert into user_auth(user_id,auth_id) VALUES(#{value},1)
	</insert>
	<insert id="addAuthLookMeet" parameterType="java.lang.Integer">
		insert into user_auth(user_id,auth_id) VALUES(#{value},2)
	</insert>
	<delete id="deleteAuthAddMeet" parameterType="java.lang.Integer">
		delete from user_auth where user_id=#{value} and auth_id=1
	</delete>
	<delete id="deleteAuthLookeet" parameterType="java.lang.Integer">
		delete from user_auth where user_id=#{value} and auth_id=2
	</delete>
</mapper>