<?xml version="1.0" encoding="UTF-8" ?>
<!DOCTYPE mapper PUBLIC "-//mybatis.org//DTD Mapper 3.0//EN" "http://mybatis.org/dtd/mybatis-3-mapper.dtd" >
<mapper namespace="com.cb.meeting.dao.DeptDao">

	<select id="findDeptList" parameterType="com.cb.meeting.bean.vo.PageVO" resultType="com.cb.meeting.bean.vo.DeptVO">
		select 
			pkid pkid,
			dept_num deptNum,
			dept_name deptName,
			remark remark
		from dept
		<where>
			<if test="queryParam.deptNum != null and queryParam.deptNum != '' ">
        		and dept_num like '%${queryParam.deptNum}%'
        	</if>
			<if test="queryParam.deptName != null and queryParam.deptName != '' ">
        		and dept_name like '%${queryParam.deptName}%'
        	</if>
		</where>
		order by pkid
		limit #{startPage},#{rows}
	</select>
	
	<select id="findCount" parameterType="com.cb.meeting.bean.vo.PageVO" resultType="java.lang.Integer">
		select 
			count(*)
		from dept
		<where>
			<if test="queryParam.deptNum != null and queryParam.deptNum != '' ">
        		and dept_num like '%${queryParam.deptNum}%'
        	</if>
			<if test="queryParam.deptName != null and queryParam.deptName != '' ">
        		and dept_name like '%${queryParam.deptName}%'
        	</if>
		</where>
	</select>

	<insert id="addDept" parameterType="com.cb.meeting.bean.vo.DeptVO">
		insert into dept(dept_num,dept_name,remark) 
			value(#{deptNum},#{deptName},#{remark})
	</insert>
	
	<update id="updateDept" parameterType="com.cb.meeting.bean.vo.DeptVO">
		update dept
		set
			dept_num = #{deptNum},
			dept_name = #{deptName},
			remark = #{remark}
		where 
			pkid = #{pkid}
	</update>
	
	<delete id="deleteDept" parameterType="java.lang.Integer">
		delete from dept
		where
			pkid = #{value}
	</delete>
	
	<select id="existDeptNum" parameterType="java.lang.String" resultType="java.lang.Integer">
		select 
			count(*)
		from dept
		<where>
			dept_num = #{value}
		</where>
	</select>
	
	<select id="existDeptName" parameterType="java.lang.String" resultType="java.lang.Integer">
		select 
			count(*)
		from dept
		<where>
			dept_name = #{value}
		</where>
	</select>
	
</mapper>