<?xml version="1.0" encoding="UTF-8" ?>
<!DOCTYPE mapper PUBLIC "-//mybatis.org//DTD Mapper 3.0//EN" "http://mybatis.org/dtd/mybatis-3-mapper.dtd" >
<mapper namespace="com.cb.meeting.dao.MeetDao">

	<select id="findMeetList" parameterType="com.cb.meeting.bean.vo.PageVO" resultType="com.cb.meeting.bean.vo.MeetVO">
		select 
			DISTINCT m.pkid pkid,
			m.meet_name meetName,
			date_format(m.meet_start_time,'%Y-%m-%d %H:%i') strStTime,
			date_format(m.meet_end_time,'%Y-%m-%d %H:%i') strEndTime,
			m.creat_user creatUser,
			u.name creatName,
			m.meet_theme meetTheme,
			m.meet_des meetDes,
			m.meet_attach_path meetAttachPath,
			m.meet_st meetSt,
			d.key_name stName,
			m.meet_room_id meetRoomId,
			r.room_name roomName,
			r.room_place roomPlace,
			m.remark remark
		from meet m,user u,dict d,room r,user_meet um
		<where>
			m.creat_user = u.pkid
			and (um.user_id = #{queryParam.pkid} or creat_user = #{queryParam.pkid} )
			and d.value = m.meet_st
			and d.dict_type = 'meet_st'
			and m.meet_room_id = r.pkid
			and m.pkid = um.meet_id
			<if test="queryParam.meetName != null and queryParam.meetName != '' ">
        		and m.meet_name like '%${queryParam.meetName}%'
        	</if>
			<if test="queryParam.strStTime != null and queryParam.strStTime != '' ">
        		<![CDATA[
        			and m.meet_start_time >= str_to_date(#{queryParam.strStTime},'%Y-%m-%d %H:%i')
        		]]>
        	</if>
			<if test="queryParam.strEndTime != null and queryParam.strEndTime != '' ">
        		<![CDATA[
        			and m.meet_end_time <= str_to_date(#{queryParam.strEndTime},'%Y-%m-%d %H:%i')
        		]]>
        	</if>
        </where>
        order by m.meet_start_time desc
		limit #{startPage},#{rows}
	</select>
	
	<select id="findCount" parameterType="com.cb.meeting.bean.vo.PageVO" resultType="java.lang.Integer">
		select 
			count(distinct(m.pkid))
		from meet m,user u,dict d,room r,user_meet um
		<where>
			m.creat_user = u.pkid
			and (um.user_id = #{queryParam.pkid} or creat_user = #{queryParam.pkid} )
			and d.value = m.meet_st
			and d.dict_type = 'meet_st'
			and m.meet_room_id = r.pkid
			and m.pkid = um.meet_id
			<if test="queryParam.meetName != null and queryParam.meetName != '' ">
        		and m.meet_name like '%${queryParam.meetName}%'
        	</if>
			<if test="queryParam.strStTime != null and queryParam.strStTime != '' ">
        		<![CDATA[
        			and m.meet_start_time >= str_to_date(#{queryParam.strStTime},'%Y-%m-%d %H:%i')
        		]]>
        	</if>
			<if test="queryParam.strEndTime != null and queryParam.strEndTime != '' ">
        		<![CDATA[
        			and m.meet_end_time <= str_to_date(#{queryParam.strEndTime},'%Y-%m-%d %H:%i')
        		]]>
        	</if>
		</where> 
	</select>
	
	<select id="findPendMeetCount" parameterType="java.lang.Integer" resultType="java.lang.Integer">
		select 
			count(distinct(m.pkid))
		from meet m,user u,dict d,room r,user_meet um
		<where>
			m.creat_user = u.pkid
			and (um.user_id = #{value} or creat_user = #{value} )
			and d.value = m.meet_st
			and d.dict_type = 'meet_st'
			and m.meet_room_id = r.pkid
			and m.pkid = um.meet_id
			and m.meet_st = '0'
		</where> 
	</select>

	<insert id="addMeet" useGeneratedKeys="true" keyProperty="pkid" parameterType="com.cb.meeting.bean.vo.MeetVO">
		insert into 
			meet(meet_name,meet_start_time,meet_end_time,creat_time,last_update_time,creat_user,meet_theme,meet_des,meet_attach_path,meet_st,meet_room_id,remark)
			values(#{meetName},str_to_date(#{strStTime}, '%Y-%m-%d %H:%i'),str_to_date(#{strEndTime}, '%Y-%m-%d %H:%i'),#{creatTime},#{lastUpdateTime},#{creatUser},#{meetTheme},#{meetDes},#{meetAttachPath},#{meetSt},#{meetRoomId},#{remark})
	</insert>
	
	<insert id="addUserMeet" parameterType="java.lang.Integer">
		insert into user_meet(user_id,meet_id) values(#{0},#{1})
	</insert>
	
	<insert id="addMeetRoom" parameterType="com.cb.meeting.bean.vo.MeetRoomVO">
		insert into meet_room(meet_id,room_id,meet_start_time,meet_end_time) 
		values(#{meetId},#{meetRoomId},str_to_date(#{strStTime}, '%Y-%m-%d %H:%i'),str_to_date(#{strEndTime}, '%Y-%m-%d %H:%i'))
	</insert>
	
	<update id="updateMeet" parameterType="com.cb.meeting.bean.vo.MeetVO">
		update meet
		set
			meet_name = #{meetName},
			meet_start_time = str_to_date(#{strStTime}, '%Y-%m-%d %H:%i'),
			meet_end_time = str_to_date(#{strEndTime}, '%Y-%m-%d %H:%i'),
			last_update_time = #{lastUpdateTime},
			meet_theme = #{meetTheme},
			meet_des = #{meetDes},
			<if test="meetAttachPath != null and meetAttachPath != ''">
				meet_attach_path = #{meetAttachPath},
			</if>
			meet_room_id = #{meetRoomId},
			remark = #{remark}
		where
			pkid = #{pkid}
	</update>
	
	<update id="updateMeetRoom" parameterType="com.cb.meeting.bean.vo.MeetRoomVO">
		update meet_room
		set
			room_id = #{meetRoomId},
			meet_start_time = str_to_date(#{strStTime}, '%Y-%m-%d %H:%i'),
			meet_end_time = str_to_date(#{strEndTime}, '%Y-%m-%d %H:%i')
		where
			meet_id = #{meetId}
	</update>
	
	<update id="updateMeetStByTime" parameterType="java.sql.Timestamp">
		update meet
		set
			meet_st = '2'
		where
			meet_st = '0'
			<![CDATA[
        			and meet_start_time < #{value}
        	]]>
	</update>
	
	<update id="updateMeetEnd" parameterType="com.cb.meeting.bean.vo.MeetVO">
		update meet
		set
			meet_st = #{meetSt},
			<if test="meetAttachPath != null and meetAttachPath != ''">
				meet_attach_path = #{meetAttachPath},
			</if>
			remark = #{remark}
		where
			pkid = #{pkid}
	</update>
	
	<delete id="deleteMeet" parameterType="java.lang.Integer">
		delete from meet
		where
			pkid = #{value}
	</delete>
	
	<select id="findMeetUser" parameterType="java.lang.Integer" resultType="com.cb.meeting.bean.vo.MeetUserVO">
		select 
			um.user_id meetUserId,
			u.name meetUserName
		from
			user_meet um,user u
		where
			um.meet_id = #{value}
			and um.user_id = u.pkid
	</select>
	
	<delete id="deleteUserMeet" parameterType="java.lang.Integer">
		delete from user_meet
		where
			meet_id = #{value}
	</delete>
	
	<delete id="deleteMeetRoom" parameterType="java.lang.Integer">
		delete from meet_room
		where
			meet_id = #{value}
	</delete>
	
	<select id="findMeetById" parameterType="java.lang.Integer" resultType="com.cb.meeting.bean.vo.MeetVO">
		select 
			m.pkid pkid,
			m.meet_name meetName,
			date_format(m.meet_start_time,'%Y-%m-%d %H:%i') strStTime,
			date_format(m.meet_end_time,'%Y-%m-%d %H:%i') strEndTime,
			m.creat_user creatUser,
			u.name creatName,
			m.meet_theme meetTheme,
			m.meet_des meetDes,
			m.meet_attach_path meetAttachPath,
			m.meet_st meetSt,
			m.meet_room_id meetRoomId,
			r.room_name roomName,
			r.room_place roomPlace,
			m.send_flag sendFlag,
			m.remark remark
		from meet m,user u,room r
		where
			m.pkid = #{value}
			and m.creat_user = u.pkid
			and m.meet_room_id = r.pkid
			
	</select>
	
	<select id="findUserListByMeetId" parameterType="java.lang.Integer" resultType="com.cb.meeting.bean.vo.UserVO">
		select 
			u.pkid pkid,
			u.username username,
			u.name name,
			u.phone_num phoneNum,
			u.email email,
			u.remark remark
		from user u,user_meet um
		where 
			um.meet_id = #{value}
			and um.user_id = u.pkid
	</select>
	
	<select id="findCreatUser" parameterType="java.lang.Integer" resultType="com.cb.meeting.bean.vo.UserVO">
		select 
			u.pkid pkid,
			u.username username,
			u.name name,
			u.phone_num phoneNum,
			u.email email,
			u.remark remark
		from user u,meet m
		where 
			m.pkid = #{value}
			and m.creat_user = u.pkid
	</select>
	
	<update id="updateMeetSendFlag" parameterType="java.lang.Integer">
		update meet
		set
			send_flag = '1'
		where
			pkid = #{value}
	</update>

</mapper>