<?xml version="1.0" encoding="UTF-8" ?>
<!DOCTYPE mapper PUBLIC "-//mybatis.org//DTD Mapper 3.0//EN" "http://mybatis.org/dtd/mybatis-3-mapper.dtd" >
<mapper namespace="com.cb.meeting.dao.MessageDao">

	<select id="findMsgByMeetId" parameterType="java.lang.Integer" resultType="com.cb.meeting.bean.vo.MessageVO">
		select
			m.pkid pkid,
			m.meet_id meetId,
			m.user_id userId,
			u.username userName,
			date_format(m.creat_time,'%Y-%m-%d %H:%i') strCreatTime,
			m.content content,
			m.type type,
			d.key_name typeName,
			m.reply_msg_id replyMsgId,
			m.reply_user_id replyUserId,
			u1.username replyUserName
		from message m LEFT JOIN user u ON m.user_id = u.pkid
		LEFT JOIN user u1 ON m.reply_user_id = u1.pkid
		LEFT JOIN dict d ON m.type = d.value
		where d.dict_type = 'msg_type'
		and m.meet_id = #{value}
		order by creat_time desc
	</select>
	
	<select id="findUnreadMessageCount" parameterType="java.lang.Integer" resultType="java.lang.Integer">
		select count(pkid)
		from message
		where
			st = "0"
			and reply_user_id = #{value}
	</select>
	
	<select id="findMessageCount" parameterType="java.lang.Integer" resultType="java.lang.Long">
		select count(pkid)
		from message
		where
			meet_id = #{value}
	</select>
	
	<select id="findReplyCount" parameterType="java.lang.Integer" resultType="java.lang.Long">
		select count(pkid)
		from message
		where
			st = "0"
			and meet_id = #{value}
	</select>
	
	<update id="updateMsgSt" parameterType="java.lang.Integer">
		update message
		set
			st = "1"
		where meet_id = #{value}
	</update>
	
	<insert id="addMessage" parameterType="com.cb.meeting.bean.vo.MessageVO">
		insert into 
			message(meet_id,user_id,creat_time,content,type,reply_msg_id,reply_user_id)
			values(#{meetId},#{userId},#{creatTime},#{content},#{type},#{replyMsgId},#{replyUserId})
	</insert>

</mapper>