<?xml version="1.0" encoding="UTF-8" ?>
<!DOCTYPE mapper PUBLIC "-//mybatis.org//DTD Mapper 3.0//EN" "http://mybatis.org/dtd/mybatis-3-mapper.dtd" >
<mapper namespace="com.cb.meeting.dao.RoomDao">

	<select id="findRoomList" parameterType="com.cb.meeting.bean.vo.PageVO" resultType="com.cb.meeting.bean.vo.RoomVO">
		select 
			r.pkid pkid,
			r.room_num roomNum,
			r.room_name roomName,
			r.room_place roomPlace,
			r.room_st roomSt,
			d.key_name stName,
			r.room_max_num roomMaxNum,
			r.remark remark
		from room r,dict d
		<where>
			<if test="queryParam.roomNum != null and queryParam.roomNum != '' ">
        		and room_num like '%${queryParam.roomNum}%'
        	</if>
			<if test="queryParam.roomName != null and queryParam.roomName != '' ">
        		and room_name like '%${queryParam.roomName}%'
        	</if>
			<if test="queryParam.roomPlace != null and queryParam.roomPlace != '' ">
        		and room_place like '%${queryParam.roomPlace}%'
        	</if>
        	and r.room_st=d.value
        	and d.dict_type='room_st'
		</where>
		order by pkid
		limit #{startPage},#{rows}
	</select>
	
	<select id="findRoomById" parameterType="java.lang.Integer" resultType="com.cb.meeting.bean.vo.RoomVO">
		select 
			r.pkid pkid,
			r.room_num roomNum,
			r.room_name roomName,
			r.room_place roomPlace,
			r.room_st roomSt,
			d.key_name stName,
			r.room_max_num roomMaxNum,
			r.remark remark
		from room r,dict d
		<where>
			r.pkid = #{value}
			and r.room_st=d.value
        	and d.dict_type='room_st'
		</where>
	</select>
	
	<select id="findCount" parameterType="com.cb.meeting.bean.vo.PageVO" resultType="java.lang.Integer">
		select 
			count(*)
		from room
		<where>
			<if test="queryParam.roomNum != null and queryParam.roomNum != '' ">
        		and room_num like '%${queryParam.roomNum}%'
        	</if>
			<if test="queryParam.roomName != null and queryParam.roomName != '' ">
        		and room_name like '%${queryParam.roomName}%'
        	</if>
			<if test="queryParam.roomPlace != null and queryParam.roomPlace != '' ">
        		and room_place like '%${queryParam.roomPlace}%'
        	</if>
		</where>
	</select>

	<insert id="addRoom" parameterType="com.cb.meeting.bean.vo.RoomVO">
		insert into room(room_num,room_name,room_place,room_st,room_max_num,remark) 
			value(#{roomNum},#{roomName},#{roomPlace},#{roomSt},#{roomMaxNum},#{remark})
	</insert>
	
	<update id="updateRoom" parameterType="com.cb.meeting.bean.vo.RoomVO">
		update room
		set
			room_name = #{roomName},
			room_place = #{roomPlace},
			room_max_num = #{roomMaxNum},
			remark = #{remark}
		where 
			pkid = #{pkid}
	</update>
	
	<delete id="deleteRoom" parameterType="java.lang.Integer">
		delete from room
		where
			pkid = #{value}
	</delete>
	
	<select id="existRoomNum" parameterType="java.lang.String" resultType="java.lang.Integer">
		select 
			count(*)
		from room
		<where>
			room_num = #{value}
		</where>
	</select>
	
	<select id="existRoomName" parameterType="java.lang.String" resultType="java.lang.Integer">
		select 
			count(*)
		from room
		<where>
			room_name = #{value}
		</where>
	</select>
	
	<select id="existRoomPlace" parameterType="java.lang.String" resultType="java.lang.Integer">
		select 
			count(*)
		from room
		<where>
			room_place = #{value}
		</where>
	</select>
	
		
	<select id="findAllRoom" resultType="com.cb.meeting.bean.vo.MeetRoomVO">
		select 
			pkid pkid,
			room_num roomNum,
			room_name roomName,
			room_place roomPlace
		from room 
	</select>
	
	<select id="roomAvailable" parameterType="com.cb.meeting.bean.vo.MeetRoomVO" resultType="com.cb.meeting.bean.vo.MeetRoomVO">
		select 
			date_format(mr.meet_start_time,'%Y-%m-%d %H:%i') strStTime,
			date_format(mr.meet_end_time,'%Y-%m-%d %H:%i') strEndTime
		from room r,meet_room mr
		<where>
			r.pkid = mr.room_id
			and r.pkid = #{meetRoomId}
			and mr.meet_start_time > now()
			<if test="pkid != null and pkid != '' ">
				<![CDATA[  
					and mr.meet_id <> #{pkid}
				]]>
			</if>
		</where>
	</select>
	
</mapper>