<?xml version="1.0" encoding="UTF-8" ?>
<!DOCTYPE mapper PUBLIC "-//mybatis.org//DTD Mapper 3.0//EN" "http://mybatis.org/dtd/mybatis-3-mapper.dtd" >
<mapper namespace="com.cb.meeting.dao.SysDao">

	<select id="findUserByName" resultType="com.cb.meeting.bean.vo.UserVO">
		select 
			pkid pkid,
			username username,
			password password,
			name name,
			dept_num deptNum,
			auth_flag authFlag,
			phone_num phoneNum,
			email email,
			role role,
			st st,
			remark remark
		from user
		<where>
			username = #{value}
		</where>
	</select>
	
	<select id="findUserByID" resultType="com.cb.meeting.bean.vo.UserVO">
		select 
			pkid pkid,
			username username,
			password password,
			name name,
			dept_num deptNum,
			auth_flag authFlag,
			phone_num phoneNum,
			email email,
			role role,
			st st,
			remark remark
		from user
		<where>
			pkid = #{value}
		</where>
	</select>
	
	<select id="findAuthId" parameterType="java.lang.Integer" resultType="java.lang.Integer">
		select 
			auth_id authId
		from user_auth
		<where>
			user_id = #{value}
		</where>
	</select>
	
	<update id="userActive" parameterType="com.cb.meeting.bean.vo.UserVO">
		update user
		set
			name = #{name},
			phone_num = #{phoneNum},
        	email = #{email},
			st = #{st}
		where 
			pkid = #{pkid}
	</update>
	
	<update id="updatePassword" parameterType="com.cb.meeting.bean.vo.UserVO">
		update user
		set
			password = #{password}
		where 
			pkid = #{pkid}
	</update>
	
	<update id="perInfo" parameterType="com.cb.meeting.bean.vo.UserVO">
		update user
		set
			name = #{name},
			phone_num = #{phoneNum},
			email = #{email}
		where 
			pkid = #{pkid}
	</update>
</mapper>