<?xml version="1.0" encoding="UTF-8" ?>
<!DOCTYPE mapper PUBLIC "-//mybatis.org//DTD Mapper 3.0//EN" "http://mybatis.org/dtd/mybatis-3-mapper.dtd" >
<mapper namespace="com.cb.meeting.dao.UserDao">

	<select id="findUserList" parameterType="com.cb.meeting.bean.vo.PageVO" resultType="com.cb.meeting.bean.vo.UserVO">
		select 
			u.pkid pkid,
			u.username username,
			u.password password,
			u.name name,
			u.dept_num deptNum,
			t.dept_name deptName,
			u.phone_num phoneNum,
			u.email email,
			u.role role,
			r.role_name roleName,
			u.auth_flag authFlag,
			d1.key_name authFlagName,
			u.st st,
			d.key_name stName,
			u.remark remark
		from user u,role r,dict d,dept t,dict d1
		<where>
			<if test="queryParam.username != null and queryParam.username != '' ">
        		and username like '%${queryParam.username}%'
        	</if>
			<if test="queryParam.name != null and queryParam.name != '' ">
        		and name like '%${queryParam.name}%'
        	</if>
        	and u.role=r.pkid
        	and u.st=d.value
        	and d.dict_type='user_st'
        	and u.dept_num=t.dept_num
        	and u.auth_flag=d1.value
        	and d1.dict_type='auth_flag'
		</where>
		order by pkid
		limit #{startPage},#{rows}
	</select>
	
	<select id="findCount" parameterType="com.cb.meeting.bean.vo.PageVO" resultType="java.lang.Integer">
		select 
			count(*)
		from user
		<where>
			<if test="queryParam.username != null and queryParam.username != '' ">
        		and username like '%${queryParam.username}%'
        	</if>
			<if test="queryParam.name != null and queryParam.name != '' ">
        		and name like '%${queryParam.name}%'
        	</if>
		</where>
	</select>
	
	<select id="existUsername" parameterType="java.lang.String" resultType="java.lang.Integer">
		select 
			count(*)
		from user
		<where>
			username = #{value}
		</where>
	</select>
	
	<insert id="addUser" parameterType="com.cb.meeting.bean.vo.UserVO">
		insert into user(username,password,name,dept_num,role,auth_flag,st,remark) 
			value(#{username},#{password},#{name},#{deptNum},#{role},#{authFlag},#{st},#{remark})
	</insert>
	
	<update id="updateUser" parameterType="com.cb.meeting.bean.vo.UserVO">
		update user
		set
			username = #{username},
			password = #{password},
			name = #{name},
			dept_num = #{deptNum},
			role = #{role},
			auth_flag = #{authFlag},
			remark = #{remark}
		where 
			pkid = #{pkid}
	</update>
	
	<update id="deleteActive" parameterType="java.lang.Integer">
		update user
		set
			st = '0'
		where 
			pkid = #{pkid}
	</update>
	
	<delete id="deleteUser" parameterType="java.lang.Integer">
		delete from user
		where
			pkid = #{value}
	</delete>
	
	<select id="findAllDept" resultType="com.cb.meeting.bean.vo.DeptVO">
		select 
			pkid pkid,
			dept_num deptNum,
			dept_name deptName
		from
			dept
	</select>
	
	<select id="findUserById" resultType="com.cb.meeting.bean.entity.UserEntity">
		select * from user
		where pkid = #{value}
	</select>
	
</mapper>