<?xml version="1.0" encoding="UTF-8" ?>
<beans xmlns="http://www.springframework.org/schema/beans"
       xmlns:xsi="http://www.w3.org/2001/XMLSchema-instance"
       xmlns:tx="http://www.springframework.org/schema/tx"
       xsi:schemaLocation="http://www.springframework.org/schema/beans
                        http://www.springframework.org/schema/beans/spring-beans-4.2.xsd
                        http://www.springframework.org/schema/tx
                        http://www.springframework.org/schema/tx/spring-tx.xsd">
	
	<!-- 读取配置文件 -->
    <bean id="propertyConfigure" class="org.springframework.beans.factory.config.PropertyPlaceholderConfigurer">
        <property name="locations">
            <list>
                <value>classpath:config.properties</value>
            </list>
        </property>
    </bean>
    <!-- 连接池 -->
    <bean id = "dataSource" class = "com.alibaba.druid.pool.DruidDataSource" destroy-method = "close">
        <property name="driverClassName" value="${jdbc.driver}" />
        <property name="url" value="${jdbc.url}" />
        <property name="username" value="${jdbc.username}" />
        <property name="password" value="${jdbc.password}" />
        <!-- 初始化连接大小 -->
        <property name="initialSize" value="${jdbc.initialSize}" />
        <!-- 连接池最大数量 -->
        <property name="maxActive" value="${jdbc.maxActive}"/>
        <!-- 连接池最小空闲 -->
        <property name="minIdle" value="${jdbc.minIdle}" />
        <!-- 获取连接最大等待时间 -->
        <property name="maxWait" value="${jdbc.maxWait}" />
    </bean>
    <!-- 结合Spring和Mybatis -->
    <bean id = "sqlSessionFactory" class="org.mybatis.spring.SqlSessionFactoryBean">
        <property name="dataSource" ref="dataSource" />
        <property name="configLocation" value="classpath:mybatis-config.xml"></property>
        <!-- 自动扫描mapping.xml文件 -->
        <property name = "mapperLocations" value="classpath:com/cb/meeting/dao/mapper/*.xml" />
    </bean>
    <!-- DAO接口所在包名，Spring会自动查找其下的类 -->
    <bean class = "org.mybatis.spring.mapper.MapperScannerConfigurer">
        <property name = "basePackage" value="com.cb.meeting.dao" />
        <property name = "sqlSessionFactoryBeanName" value = "sqlSessionFactory" />
    </bean>
    <!-- 注入数据源 -->
    <bean id = "transactionManager"
          class = "org.springframework.jdbc.datasource.DataSourceTransactionManager">
        <property name = "dataSource" ref = "dataSource" />
    </bean>
    <!-- 使用注解定义事务 -->
    <tx:annotation-driven transaction-manager="transactionManager"/>

</beans>