<?xml version="1.0" encoding="UTF-8"?>
<beans xmlns="http://www.springframework.org/schema/beans"
       xmlns:xsi="http://www.w3.org/2001/XMLSchema-instance"
       xmlns:aop="http://www.springframework.org/schema/aop"
       xmlns:mvc="http://www.springframework.org/schema/mvc"
       xmlns:context="http://www.springframework.org/schema/context"
       xsi:schemaLocation="http://www.springframework.org/schema/beans http://www.springframework.org/schema/beans/spring-beans-4.2.xsd
		http://www.springframework.org/schema/context http://www.springframework.org/schema/context/spring-context-4.2.xsd
		http://www.springframework.org/schema/mvc http://www.springframework.org/schema/mvc/spring-mvc-4.2.xsd
		http://www.springframework.org/schema/aop http://www.springframework.org/schema/aop/spring-aop-4.2.xsd">

	<!-- 注册DefaultAnnotationHandlerMapping和AnnotationMethodHandlerAdapter -->
    <mvc:annotation-driven/>
    <!-- controller扫描 -->    
    <context:component-scan base-package="com.cb.meeting.controller"/>
	<!-- 使用CGLib动态代理 -->
    <!-- <aop:aspectj-autoproxy proxy-target-class="true" /> -->
    <!-- 视图解析器 -->
    <bean class="org.springframework.web.servlet.view.InternalResourceViewResolver">
        <property name="prefix" value="/WEB-INF/page/"/>
        <property name="suffix" value=".jsp"/><!--可为空,方便实现自已的依据扩展名来选择视图解释类的逻辑 -->
    </bean>
    <!-- 文件上传 -->
    <bean id="multipartResolver"  
        class="org.springframework.web.multipart.commons.CommonsMultipartResolver">  
        <!-- 上传文件大小上限，单位为字节（10MB） -->
        <property name="maxUploadSize">  
            <value>10485760</value>  
        </property>  
        <!-- 请求的编码格式，必须和jSP的pageEncoding属性一致，以便正确读取表单的内容，默认为ISO-8859-1 -->
        <property name="defaultEncoding">
            <value>UTF-8</value>
        </property>
    </bean>
	<!-- 解除servlet对静态资源文件访问的限制 -->  
	<mvc:default-servlet-handler/>
	<!-- 配置拦截器 -->
	<mvc:interceptors>  
    	<mvc:interceptor>  
        	<!-- 进行拦截：/**表示拦截所有controller -->
        	<mvc:mapping path="/**" />
    	 	<!-- 不进行拦截 -->
        	<mvc:exclude-mapping path="/sys/login"/>
        	<mvc:exclude-mapping path="/sys/userActive"/>
        	<mvc:exclude-mapping path="/sys/toActive"/>
   			<!-- 使用bean定义一个Interceptor -->  
        	<bean class="com.cb.meeting.interceptor.LoginInterceptor"/>  
    	</mvc:interceptor>  
	</mvc:interceptors> 

</beans>